Country,Period,Country_code,Continent,PPM
Afghanistan,2010,AFG,Eastern Mediterranean,154.89
Afghanistan,2011,AFG,Eastern Mediterranean,156.68
Afghanistan,2012,AFG,Eastern Mediterranean,170.39
Afghanistan,2013,AFG,Eastern Mediterranean,170.54
Afghanistan,2014,AFG,Eastern Mediterranean,183.87
Afghanistan,2015,AFG,Eastern Mediterranean,170.9
Afghanistan,2016,AFG,Eastern Mediterranean,171.59
Albania,2010,ALB,Europe,61.06
Albania,2011,ALB,Europe,69.03
Albania,2012,ALB,Europe,63.08
Albania,2013,ALB,Europe,60.34
Albania,2014,ALB,Europe,59.96
Albania,2015,ALB,Europe,57.72
Albania,2016,ALB,Europe,54.59
Algeria,2010,DZA,Africa,92.32
Algeria,2011,DZA,Africa,90.78
Algeria,2012,DZA,Africa,91.95
Algeria,2013,DZA,Africa,95.82
Algeria,2014,DZA,Africa,103.09
Algeria,2015,DZA,Africa,105.53999999999999
Algeria,2016,DZA,Africa,108.88
Andorra,2010,AND,Europe,34.91
Andorra,2011,AND,Europe,36.35
Andorra,2012,AND,Europe,32.88
Andorra,2013,AND,Europe,31.72
Andorra,2014,AND,Europe,27.9
Andorra,2015,AND,Europe,29.58
Andorra,2016,AND,Europe,26.17
Angola,2010,AGO,Africa,109.87
Angola,2011,AGO,Africa,111.22999999999999
Angola,2012,AGO,Africa,106.69999999999999
Angola,2013,AGO,Africa,119.59
Angola,2014,AGO,Africa,110.71
Angola,2015,AGO,Africa,114.91
Angola,2016,AGO,Africa,115.97
Antigua and Barbuda,2010,ATG,Americas,55.77
Antigua and Barbuda,2011,ATG,Americas,56.379999999999995
Antigua and Barbuda,2012,ATG,Americas,56.34
Antigua and Barbuda,2013,ATG,Americas,56.28
Antigua and Barbuda,2014,ATG,Americas,57.18
Antigua and Barbuda,2015,ATG,Americas,58.21
Antigua and Barbuda,2016,ATG,Americas,58.1
Argentina,2010,ARG,Americas,34.86
Argentina,2011,ARG,Americas,35.43
Argentina,2012,ARG,Americas,34.730000000000004
Argentina,2013,ARG,Americas,37.72
Argentina,2014,ARG,Americas,36.36
Argentina,2015,ARG,Americas,37.97
Argentina,2016,ARG,Americas,38.08
Armenia,2010,ARM,Europe,88.2
Armenia,2011,ARM,Europe,109.21000000000001
Armenia,2012,ARM,Europe,114.45
Armenia,2013,ARM,Europe,106.2
Armenia,2014,ARM,Europe,99.88
Armenia,2015,ARM,Europe,102.13
Armenia,2016,ARM,Europe,105.4
Australia,2010,AUS,Western Pacific,21.51
Australia,2011,AUS,Western Pacific,20.89
Australia,2012,AUS,Western Pacific,21.99
Australia,2013,AUS,Western Pacific,21.24
Australia,2014,AUS,Western Pacific,20.87
Australia,2015,AUS,Western Pacific,20.77
Australia,2016,AUS,Western Pacific,20.64
Austria,2010,AUT,Europe,45.53
Austria,2011,AUT,Europe,46.56
Austria,2012,AUT,Europe,41.89
Austria,2013,AUT,Europe,41.05
Austria,2014,AUT,Europe,37.62
Austria,2015,AUT,Europe,39.29
Austria,2016,AUT,Europe,35.64
Azerbaijan,2010,AZE,Europe,52.41
Azerbaijan,2011,AZE,Europe,64.45
Azerbaijan,2012,AZE,Europe,66.32
Azerbaijan,2013,AZE,Europe,62.269999999999996
Azerbaijan,2014,AZE,Europe,58.91
Azerbaijan,2015,AZE,Europe,60.67
Azerbaijan,2016,AZE,Europe,62.94
Bahamas,2010,BHS,Americas,48.43
Bahamas,2011,BHS,Americas,47.870000000000005
Bahamas,2012,BHS,Americas,47.94
Bahamas,2013,BHS,Americas,48.93
Bahamas,2014,BHS,Americas,49.19
Bahamas,2015,BHS,Americas,49.099999999999994
Bahamas,2016,BHS,Americas,48.879999999999995
Bahrain,2010,BHR,Eastern Mediterranean,176.36
Bahrain,2011,BHR,Eastern Mediterranean,176.35
Bahrain,2012,BHR,Eastern Mediterranean,186.67000000000002
Bahrain,2013,BHR,Eastern Mediterranean,199.68
Bahrain,2014,BHR,Eastern Mediterranean,172.3
Bahrain,2015,BHR,Eastern Mediterranean,196.94
Bahrain,2016,BHR,Eastern Mediterranean,188.26
Bangladesh,2010,BGD,South-East Asia,165.85
Bangladesh,2011,BGD,South-East Asia,160.26999999999998
Bangladesh,2012,BGD,South-East Asia,179.23000000000002
Bangladesh,2013,BGD,South-East Asia,180.68
Bangladesh,2014,BGD,South-East Asia,201.72
Bangladesh,2015,BGD,South-East Asia,189.1
Bangladesh,2016,BGD,South-East Asia,185.60999999999999
Barbados,2010,BRB,Americas,71.87
Barbados,2011,BRB,Americas,72.92
Barbados,2012,BRB,Americas,72.5
Barbados,2013,BRB,Americas,72.37
Barbados,2014,BRB,Americas,72.86
Barbados,2015,BRB,Americas,74.98
Barbados,2016,BRB,Americas,74.13
Belarus,2010,BLR,Europe,63.01
Belarus,2011,BLR,Europe,58.7
Belarus,2012,BLR,Europe,57.14
Belarus,2013,BLR,Europe,57.66
Belarus,2014,BLR,Europe,57.900000000000006
Belarus,2015,BLR,Europe,54.39
Belarus,2016,BLR,Europe,48.83
Belgium,2010,BEL,Europe,44.82
Belgium,2011,BEL,Europe,44.44
Belgium,2012,BEL,Europe,40.21
Belgium,2013,BEL,Europe,38.69
Belgium,2014,BEL,Europe,35.01
Belgium,2015,BEL,Europe,37.31
Belgium,2016,BEL,Europe,34.56
Belize,2010,BLZ,Americas,60.94
Belize,2011,BLZ,Americas,62.370000000000005
Belize,2012,BLZ,Americas,61.21
Belize,2013,BLZ,Americas,62.84
Belize,2014,BLZ,Americas,59.64
Belize,2015,BLZ,Americas,61.11
Belize,2016,BLZ,Americas,61.91
Benin,2010,BEN,Africa,108.24000000000001
Benin,2011,BEN,Africa,115.81
Benin,2012,BEN,Africa,107.94
Benin,2013,BEN,Africa,113.5
Benin,2014,BEN,Africa,104.77000000000001
Benin,2015,BEN,Africa,128.42000000000002
Benin,2016,BEN,Africa,126.35
Bhutan,2010,BTN,South-East Asia,100.84
Bhutan,2011,BTN,South-East Asia,97.06
Bhutan,2012,BTN,South-East Asia,106.35
Bhutan,2013,BTN,South-East Asia,111.05
Bhutan,2014,BTN,South-East Asia,119.28
Bhutan,2015,BTN,South-East Asia,111.23
Bhutan,2016,BTN,South-East Asia,112.15
Bolivia (Plurinational State of),2010,BOL,Americas,82.02
Bolivia (Plurinational State of),2011,BOL,Americas,75.38
Bolivia (Plurinational State of),2012,BOL,Americas,79.24000000000001
Bolivia (Plurinational State of),2013,BOL,Americas,79.2
Bolivia (Plurinational State of),2014,BOL,Americas,82.5
Bolivia (Plurinational State of),2015,BOL,Americas,78.05
Bolivia (Plurinational State of),2016,BOL,Americas,78.53
Bosnia and Herzegovina,2010,BIH,Europe,95.97999999999999
Bosnia and Herzegovina,2011,BIH,Europe,106.56
Bosnia and Herzegovina,2012,BIH,Europe,96.59
Bosnia and Herzegovina,2013,BIH,Europe,92.24
Bosnia and Herzegovina,2014,BIH,Europe,92.17
Bosnia and Herzegovina,2015,BIH,Europe,88.89
Bosnia and Herzegovina,2016,BIH,Europe,83.69
Botswana,2010,BWA,Africa,79.08
Botswana,2011,BWA,Africa,70.45
Botswana,2012,BWA,Africa,71.13
Botswana,2013,BWA,Africa,70.25999999999999
Botswana,2014,BWA,Africa,66.97999999999999
Botswana,2015,BWA,Africa,83.66
Botswana,2016,BWA,Africa,75.39
Brazil,2010,BRA,Americas,42.4
Brazil,2011,BRA,Americas,43.45
Brazil,2012,BRA,Americas,41.66
Brazil,2013,BRA,Americas,39.18
Brazil,2014,BRA,Americas,38.64
Brazil,2015,BRA,Americas,34.66
Brazil,2016,BRA,Americas,34.23
Brunei Darussalam,2010,BRN,Western Pacific,19.72
Brunei Darussalam,2011,BRN,Western Pacific,21.54
Brunei Darussalam,2012,BRN,Western Pacific,24.11
Brunei Darussalam,2013,BRN,Western Pacific,22.28
Brunei Darussalam,2014,BRN,Western Pacific,22.16
Brunei Darussalam,2015,BRN,Western Pacific,22.31
Brunei Darussalam,2016,BRN,Western Pacific,22.75
Bulgaria,2010,BGR,Europe,65.64
Bulgaria,2011,BGR,Europe,74.92
Bulgaria,2012,BGR,Europe,68.09
Bulgaria,2013,BGR,Europe,63.43
Bulgaria,2014,BGR,Europe,65.82
Bulgaria,2015,BGR,Europe,61.16
Bulgaria,2016,BGR,Europe,57.94
Burkina Faso,2010,BFA,Africa,150.68
Burkina Faso,2011,BFA,Africa,154.04
Burkina Faso,2012,BFA,Africa,147.61
Burkina Faso,2013,BFA,Africa,135.05
Burkina Faso,2014,BFA,Africa,138.74
Burkina Faso,2015,BFA,Africa,174.17
Burkina Faso,2016,BFA,Africa,166.66
Burundi,2010,BDI,Africa,105.52000000000001
Burundi,2011,BDI,Africa,103.59
Burundi,2012,BDI,Africa,108.6
Burundi,2013,BDI,Africa,110.97
Burundi,2014,BDI,Africa,106.67
Burundi,2015,BDI,Africa,108
Burundi,2016,BDI,Africa,110.62
Cabo Verde,2010,CPV,Africa,143.59
Cabo Verde,2011,CPV,Africa,183.32999999999998
Cabo Verde,2012,CPV,Africa,193.16000000000003
Cabo Verde,2013,CPV,Africa,183.39
Cabo Verde,2014,CPV,Africa,181.28
Cabo Verde,2015,CPV,Africa,218.57999999999998
Cabo Verde,2016,CPV,Africa,187.12
Cambodia,2010,KHM,Western Pacific,87.65
Cambodia,2011,KHM,Western Pacific,70.97999999999999
Cambodia,2012,KHM,Western Pacific,79.45
Cambodia,2013,KHM,Western Pacific,79.91
Cambodia,2014,KHM,Western Pacific,73.37
Cambodia,2015,KHM,Western Pacific,72.26
Cambodia,2016,KHM,Western Pacific,76.77000000000001
Cameroon,2010,CMR,Africa,174.74
Cameroon,2011,CMR,Africa,171.09
Cameroon,2012,CMR,Africa,176.89
Cameroon,2013,CMR,Africa,173.22
Cameroon,2014,CMR,Africa,167.7
Cameroon,2015,CMR,Africa,205.19
Cameroon,2016,CMR,Africa,196.32
Canada,2010,CAN,Americas,23.23
Canada,2011,CAN,Americas,22.77
Canada,2012,CAN,Americas,22.91
Canada,2013,CAN,Americas,21.53
Canada,2014,CAN,Americas,21.33
Canada,2015,CAN,Americas,20.64
Canada,2016,CAN,Americas,18.03
Central African Republic,2010,CAF,Africa,119.9
Central African Republic,2011,CAF,Africa,122.47999999999999
Central African Republic,2012,CAF,Africa,124.28
Central African Republic,2013,CAF,Africa,126.33000000000001
Central African Republic,2014,CAF,Africa,117.44
Central African Republic,2015,CAF,Africa,134
Central African Republic,2016,CAF,Africa,129.62
Chad,2010,TCD,Africa,169.57
Chad,2011,TCD,Africa,168.8
Chad,2012,TCD,Africa,178.25
Chad,2013,TCD,Africa,173.04000000000002
Chad,2014,TCD,Africa,157.39
Chad,2015,TCD,Africa,202.41
Chad,2016,TCD,Africa,194.63
Chile,2010,CHL,Americas,64.67
Chile,2011,CHL,Americas,66.65
Chile,2012,CHL,Americas,64.52
Chile,2013,CHL,Americas,69.28
Chile,2014,CHL,Americas,67.24
Chile,2015,CHL,Americas,71.07
Chile,2016,CHL,Americas,70.39
China,2010,CHN,Western Pacific,139.87
China,2011,CHN,Western Pacific,145.44
China,2012,CHN,Western Pacific,151.71
China,2013,CHN,Western Pacific,164.22
China,2014,CHN,Western Pacific,158.57
China,2015,CHN,Western Pacific,150.5
China,2016,CHN,Western Pacific,136.96
Colombia,2010,COL,Americas,59.65
Colombia,2011,COL,Americas,60.88
Colombia,2012,COL,Americas,58.370000000000005
Colombia,2013,COL,Americas,59.019999999999996
Colombia,2014,COL,Americas,57.7
Colombia,2015,COL,Americas,55.91
Colombia,2016,COL,Americas,55.33
Comoros,2010,COM,Africa,42.96
Comoros,2011,COM,Africa,43.95
Comoros,2012,COM,Africa,43.96
Comoros,2013,COM,Africa,43.769999999999996
Comoros,2014,COM,Africa,44.379999999999995
Comoros,2015,COM,Africa,48.57
Comoros,2016,COM,Africa,46.11
Congo,2010,COG,Africa,135.02
Congo,2011,COG,Africa,125.97999999999999
Congo,2012,COG,Africa,125.17000000000002
Congo,2013,COG,Africa,131.91
Congo,2014,COG,Africa,132.2
Congo,2015,COG,Africa,126.87
Congo,2016,COG,Africa,128.97
Cook Islands,2010,COK,Western Pacific,15.18
Cook Islands,2011,COK,Western Pacific,14.5
Cook Islands,2012,COK,Western Pacific,15.56
Cook Islands,2013,COK,Western Pacific,15.14
Cook Islands,2014,COK,Western Pacific,16.12
Cook Islands,2015,COK,Western Pacific,16.86
Cook Islands,2016,COK,Western Pacific,17.74
Costa Rica,2010,CRI,Americas,59.57
Costa Rica,2011,CRI,Americas,62.019999999999996
Costa Rica,2012,CRI,Americas,58.5
Costa Rica,2013,CRI,Americas,59.129999999999995
Costa Rica,2014,CRI,Americas,57.790000000000006
Costa Rica,2015,CRI,Americas,56.58
Costa Rica,2016,CRI,Americas,56.16
Côte d’Ivoire,2010,CIV,Africa,135.63
Côte d’Ivoire,2011,CIV,Africa,158.47
Côte d’Ivoire,2012,CIV,Africa,143.09
Côte d’Ivoire,2013,CIV,Africa,148.42000000000002
Côte d’Ivoire,2014,CIV,Africa,134.44
Côte d’Ivoire,2015,CIV,Africa,174.19
Côte d’Ivoire,2016,CIV,Africa,172.82999999999998
Croatia,2010,HRV,Europe,58.44
Croatia,2011,HRV,Europe,63.26
Croatia,2012,HRV,Europe,56.84
Croatia,2013,HRV,Europe,55.96
Croatia,2014,HRV,Europe,54.459999999999994
Croatia,2015,HRV,Europe,54.31
Croatia,2016,HRV,Europe,51.13
Cuba,2010,CUB,Americas,56.95
Cuba,2011,CUB,Americas,57.53
Cuba,2012,CUB,Americas,58.980000000000004
Cuba,2013,CUB,Americas,58.980000000000004
Cuba,2014,CUB,Americas,58.43
Cuba,2015,CUB,Americas,59.019999999999996
Cuba,2016,CUB,Americas,58.14
Cyprus,2010,CYP,Europe,53.21
Cyprus,2011,CYP,Europe,54.769999999999996
Cyprus,2012,CYP,Europe,51.84
Cyprus,2013,CYP,Europe,49.230000000000004
Cyprus,2014,CYP,Europe,47.33
Cyprus,2015,CYP,Europe,49.57
Cyprus,2016,CYP,Europe,43.26
Czechia,2010,CZE,Europe,57.39
Czechia,2011,CZE,Europe,56.65
Czechia,2012,CZE,Europe,52.05
Czechia,2013,CZE,Europe,50.9
Czechia,2014,CZE,Europe,51
Czechia,2015,CZE,Europe,48.29
Czechia,2016,CZE,Europe,45.17
Democratic People's Republic of Korea,2010,PRK,South-East Asia,111.89
Democratic People's Republic of Korea,2011,PRK,South-East Asia,115.81
Democratic People's Republic of Korea,2012,PRK,South-East Asia,122.58
Democratic People's Republic of Korea,2013,PRK,South-East Asia,133.34
Democratic People's Republic of Korea,2014,PRK,South-East Asia,128.33
Democratic People's Republic of Korea,2015,PRK,South-East Asia,127.94
Democratic People's Republic of Korea,2016,PRK,South-East Asia,115.27000000000001
Democratic Republic of the Congo,2010,COD,Africa,130.25
Democratic Republic of the Congo,2011,COD,Africa,124.09
Democratic Republic of the Congo,2012,COD,Africa,126.35999999999999
Democratic Republic of the Congo,2013,COD,Africa,131.07
Democratic Republic of the Congo,2014,COD,Africa,127.37
Democratic Republic of the Congo,2015,COD,Africa,127.32000000000001
Democratic Republic of the Congo,2016,COD,Africa,127.89
Denmark,2010,DNK,Europe,36.1
Denmark,2011,DNK,Europe,38.27
Denmark,2012,DNK,Europe,32.75
Denmark,2013,DNK,Europe,31.71
Denmark,2014,DNK,Europe,31.43
Denmark,2015,DNK,Europe,31.27
Denmark,2016,DNK,Europe,29.08
Djibouti,2010,DJI,Eastern Mediterranean,91.39
Djibouti,2011,DJI,Eastern Mediterranean,99.69999999999999
Djibouti,2012,DJI,Eastern Mediterranean,100.59
Djibouti,2013,DJI,Eastern Mediterranean,101.53999999999999
Djibouti,2014,DJI,Eastern Mediterranean,99.36000000000001
Djibouti,2015,DJI,Eastern Mediterranean,118.05000000000001
Djibouti,2016,DJI,Eastern Mediterranean,115.06
Dominica,2010,DMA,Americas,58.15
Dominica,2011,DMA,Americas,59.22
Dominica,2012,DMA,Americas,58.81
Dominica,2013,DMA,Americas,58.459999999999994
Dominica,2014,DMA,Americas,58.989999999999995
Dominica,2015,DMA,Americas,61.25
Dominica,2016,DMA,Americas,60.85
Dominican Republic,2010,DOM,Americas,45.94
Dominican Republic,2011,DOM,Americas,46.3
Dominican Republic,2012,DOM,Americas,46.33
Dominican Republic,2013,DOM,Americas,46.17
Dominican Republic,2014,DOM,Americas,46.51
Dominican Republic,2015,DOM,Americas,47.05
Dominican Republic,2016,DOM,Americas,46.43
Ecuador,2010,ECU,Americas,58.65
Ecuador,2011,ECU,Americas,55.02
Ecuador,2012,ECU,Americas,60.160000000000004
Ecuador,2013,ECU,Americas,57.25
Ecuador,2014,ECU,Americas,58.83
Ecuador,2015,ECU,Americas,58.129999999999995
Ecuador,2016,ECU,Americas,58.61
Egypt,2010,EGY,Eastern Mediterranean,213.32999999999998
Egypt,2011,EGY,Eastern Mediterranean,181.98000000000002
Egypt,2012,EGY,Eastern Mediterranean,191.72
Egypt,2013,EGY,Eastern Mediterranean,208.47
Egypt,2014,EGY,Eastern Mediterranean,201.41
Egypt,2015,EGY,Eastern Mediterranean,218.55
Egypt,2016,EGY,Eastern Mediterranean,212.01
El Salvador,2010,SLV,Americas,93.8
El Salvador,2011,SLV,Americas,100.25999999999999
El Salvador,2012,SLV,Americas,92.75999999999999
El Salvador,2013,SLV,Americas,96.38
El Salvador,2014,SLV,Americas,88.92
El Salvador,2015,SLV,Americas,88.29
El Salvador,2016,SLV,Americas,87.39
Equatorial Guinea,2010,GNQ,Africa,125.06
Equatorial Guinea,2011,GNQ,Africa,119.16999999999999
Equatorial Guinea,2012,GNQ,Africa,115.77000000000001
Equatorial Guinea,2013,GNQ,Africa,111.85
Equatorial Guinea,2014,GNQ,Africa,117.55000000000001
Equatorial Guinea,2015,GNQ,Africa,132.98
Equatorial Guinea,2016,GNQ,Africa,133.89
Eritrea,2010,ERI,Africa,102.93
Eritrea,2011,ERI,Africa,104.38
Eritrea,2012,ERI,Africa,103.75
Eritrea,2013,ERI,Africa,109.97
Eritrea,2014,ERI,Africa,97.43
Eritrea,2015,ERI,Africa,110.66
Eritrea,2016,ERI,Africa,110.06
Estonia,2010,EST,Europe,25.27
Estonia,2011,EST,Europe,22.96
Estonia,2012,EST,Europe,22.26
Estonia,2013,EST,Europe,22.34
Estonia,2014,EST,Europe,24.09
Estonia,2015,EST,Europe,20.05
Estonia,2016,EST,Europe,18.87
Eswatini,2010,SWZ,Africa,65.96000000000001
Eswatini,2011,SWZ,Africa,62.260000000000005
Eswatini,2012,SWZ,Africa,60.52
Eswatini,2013,SWZ,Africa,64.59
Eswatini,2014,SWZ,Africa,60.19
Eswatini,2015,SWZ,Africa,69.81
Eswatini,2016,SWZ,Africa,59.620000000000005
Ethiopia,2010,ETH,Africa,87.08
Ethiopia,2011,ETH,Africa,89.27
Ethiopia,2012,ETH,Africa,90.57
Ethiopia,2013,ETH,Africa,88.3
Ethiopia,2014,ETH,Africa,87.24000000000001
Ethiopia,2015,ETH,Africa,96.58
Ethiopia,2016,ETH,Africa,95.09
Fiji,2010,FJI,Western Pacific,32.35
Fiji,2011,FJI,Western Pacific,32.32
Fiji,2012,FJI,Western Pacific,32.519999999999996
Fiji,2013,FJI,Western Pacific,32.16
Fiji,2014,FJI,Western Pacific,32.16
Fiji,2015,FJI,Western Pacific,32.24
Fiji,2016,FJI,Western Pacific,32.12
Finland,2010,FIN,Europe,22.22
Finland,2011,FIN,Europe,22.91
Finland,2012,FIN,Europe,20.310000000000002
Finland,2013,FIN,Europe,19.12
Finland,2014,FIN,Europe,19.119999999999997
Finland,2015,FIN,Europe,18.35
Finland,2016,FIN,Europe,17.560000000000002
France,2010,FRA,Europe,43.230000000000004
France,2011,FRA,Europe,44.14
France,2012,FRA,Europe,39.72
France,2013,FRA,Europe,39.03
France,2014,FRA,Europe,34.4
France,2015,FRA,Europe,36.32
France,2016,FRA,Europe,33.3
Gabon,2010,GAB,Africa,126.73
Gabon,2011,GAB,Africa,112.46
Gabon,2012,GAB,Africa,111.09
Gabon,2013,GAB,Africa,114.25999999999999
Gabon,2014,GAB,Africa,119.59
Gabon,2015,GAB,Africa,118.44999999999999
Gabon,2016,GAB,Africa,122.7
Gambia,2010,GMB,Africa,164.17
Gambia,2011,GMB,Africa,160.57
Gambia,2012,GMB,Africa,162.97
Gambia,2013,GMB,Africa,160.36
Gambia,2014,GMB,Africa,167.91
Gambia,2015,GMB,Africa,189.7
Gambia,2016,GMB,Africa,172.9
Georgia,2010,GEO,Europe,55.94
Georgia,2011,GEO,Europe,68.74
Georgia,2012,GEO,Europe,71.47
Georgia,2013,GEO,Europe,66.91
Georgia,2014,GEO,Europe,62.67
Georgia,2015,GEO,Europe,64.46000000000001
Georgia,2016,GEO,Europe,66.47
Germany,2010,DEU,Europe,44.74
Germany,2011,DEU,Europe,43.83
Germany,2012,DEU,Europe,38.980000000000004
Germany,2013,DEU,Europe,37.89
Germany,2014,DEU,Europe,35.46
Germany,2015,DEU,Europe,36.89
Germany,2016,DEU,Europe,33.5
Ghana,2010,GHA,Africa,132.34
Ghana,2011,GHA,Africa,146.15
Ghana,2012,GHA,Africa,138.43
Ghana,2013,GHA,Africa,142.78
Ghana,2014,GHA,Africa,128.51
Ghana,2015,GHA,Africa,162.11
Ghana,2016,GHA,Africa,161.76999999999998
Greece,2010,GRC,Europe,49.800000000000004
Greece,2011,GRC,Europe,54.15
Greece,2012,GRC,Europe,48.870000000000005
Greece,2013,GRC,Europe,45.769999999999996
Greece,2014,GRC,Europe,44.120000000000005
Greece,2015,GRC,Europe,45.1
Greece,2016,GRC,Europe,40.62
Grenada,2010,GRD,Americas,65.13
Grenada,2011,GRD,Americas,65.5
Grenada,2012,GRD,Americas,65.17
Grenada,2013,GRD,Americas,65.47
Grenada,2014,GRD,Americas,66.72
Grenada,2015,GRD,Americas,68.87
Grenada,2016,GRD,Americas,67.1
Guatemala,2010,GTM,Americas,98.5
Guatemala,2011,GTM,Americas,104.51
Guatemala,2012,GTM,Americas,97.5
Guatemala,2013,GTM,Americas,101.50999999999999
Guatemala,2014,GTM,Americas,93.84
Guatemala,2015,GTM,Americas,92.45
Guatemala,2016,GTM,Americas,91.52
Guinea,2010,GIN,Africa,143.51
Guinea,2011,GIN,Africa,151.13
Guinea,2012,GIN,Africa,141.12
Guinea,2013,GIN,Africa,138.09
Guinea,2014,GIN,Africa,135.63
Guinea,2015,GIN,Africa,167.39
Guinea,2016,GIN,Africa,160.24
Guinea-Bissau,2010,GNB,Africa,154.35
Guinea-Bissau,2011,GNB,Africa,153.79
Guinea-Bissau,2012,GNB,Africa,144.59
Guinea-Bissau,2013,GNB,Africa,147.89
Guinea-Bissau,2014,GNB,Africa,148.8
Guinea-Bissau,2015,GNB,Africa,177.51
Guinea-Bissau,2016,GNB,Africa,163.21
Guyana,2010,GUY,Americas,67
Guyana,2011,GUY,Americas,67.56
Guyana,2012,GUY,Americas,69.31
Guyana,2013,GUY,Americas,70.44
Guyana,2014,GUY,Americas,69.39
Guyana,2015,GUY,Americas,71.1
Guyana,2016,GUY,Americas,71.05
Haiti,2010,HTI,Americas,52.24
Haiti,2011,HTI,Americas,52.83
Haiti,2012,HTI,Americas,52.36
Haiti,2013,HTI,Americas,52.400000000000006
Haiti,2014,HTI,Americas,52.88
Haiti,2015,HTI,Americas,53.75
Haiti,2016,HTI,Americas,53.08
Honduras,2010,HND,Americas,83.8
Honduras,2011,HND,Americas,89.34
Honduras,2012,HND,Americas,82.51
Honduras,2013,HND,Americas,85.59
Honduras,2014,HND,Americas,78.03
Honduras,2015,HND,Americas,77.16
Honduras,2016,HND,Americas,76.39
Hungary,2010,HUN,Europe,55.92
Hungary,2011,HUN,Europe,59.03
Hungary,2012,HUN,Europe,52.28
Hungary,2013,HUN,Europe,51.09
Hungary,2014,HUN,Europe,50.58
Hungary,2015,HUN,Europe,50.54
Hungary,2016,HUN,Europe,47.6
Iceland,2010,ISL,Europe,22.29
Iceland,2011,ISL,Europe,23.1
Iceland,2012,ISL,Europe,20.73
Iceland,2013,ISL,Europe,20.28
Iceland,2014,ISL,Europe,18.75
Iceland,2015,ISL,Europe,18.93
Iceland,2016,ISL,Europe,17.439999999999998
India,2010,IND,South-East Asia,182.61
India,2011,IND,South-East Asia,175.57999999999998
India,2012,IND,South-East Asia,189.03
India,2013,IND,South-East Asia,198.95
India,2014,IND,South-East Asia,216.66
India,2015,IND,South-East Asia,202.95
India,2016,IND,South-East Asia,207.86
Indonesia,2010,IDN,South-East Asia,56.36
Indonesia,2011,IDN,South-East Asia,45.26
Indonesia,2012,IDN,South-East Asia,50.519999999999996
Indonesia,2013,IDN,South-East Asia,49.74
Indonesia,2014,IDN,South-East Asia,46.82
Indonesia,2015,IDN,South-East Asia,50.01
Indonesia,2016,IDN,South-East Asia,57.13
Iran (Islamic Republic of),2010,IRN,Eastern Mediterranean,106.98
Iran (Islamic Republic of),2011,IRN,Eastern Mediterranean,103.74
Iran (Islamic Republic of),2012,IRN,Eastern Mediterranean,104.07
Iran (Islamic Republic of),2013,IRN,Eastern Mediterranean,103.5
Iran (Islamic Republic of),2014,IRN,Eastern Mediterranean,103.85
Iran (Islamic Republic of),2015,IRN,Eastern Mediterranean,106.3
Iran (Islamic Republic of),2016,IRN,Eastern Mediterranean,103.15
Iraq,2010,IRQ,Eastern Mediterranean,188.88
Iraq,2011,IRQ,Eastern Mediterranean,179.69
Iraq,2012,IRQ,Eastern Mediterranean,175.55
Iraq,2013,IRQ,Eastern Mediterranean,177.84
Iraq,2014,IRQ,Eastern Mediterranean,147.82
Iraq,2015,IRQ,Eastern Mediterranean,174.23000000000002
Iraq,2016,IRQ,Eastern Mediterranean,165.99
Ireland,2010,IRL,Europe,30
Ireland,2011,IRL,Europe,31.060000000000002
Ireland,2012,IRL,Europe,28.04
Ireland,2013,IRL,Europe,27.759999999999998
Ireland,2014,IRL,Europe,25.150000000000002
Ireland,2015,IRL,Europe,25.650000000000002
Ireland,2016,IRL,Europe,23.78
Israel,2010,ISR,Europe,67.72999999999999
Israel,2011,ISR,Europe,69.34
Israel,2012,ISR,Europe,64.72
Israel,2013,ISR,Europe,63.06
Israel,2014,ISR,Europe,58.91
Israel,2015,ISR,Europe,60.379999999999995
Israel,2016,ISR,Europe,54.51
Italy,2010,ITA,Europe,50.8
Italy,2011,ITA,Europe,53.94
Italy,2012,ITA,Europe,48.41
Italy,2013,ITA,Europe,46.42
Italy,2014,ITA,Europe,43.55
Italy,2015,ITA,Europe,45.32
Italy,2016,ITA,Europe,40.73
Jamaica,2010,JAM,Americas,43.28
Jamaica,2011,JAM,Americas,43.32
Jamaica,2012,JAM,Americas,44.36
Jamaica,2013,JAM,Americas,43.94
Jamaica,2014,JAM,Americas,43.98
Jamaica,2015,JAM,Americas,44.49
Jamaica,2016,JAM,Americas,44.18
Japan,2010,JPN,Western Pacific,33.32
Japan,2011,JPN,Western Pacific,36.230000000000004
Japan,2012,JPN,Western Pacific,36.72
Japan,2013,JPN,Western Pacific,38.2
Japan,2014,JPN,Western Pacific,38.71
Japan,2015,JPN,Western Pacific,37.489999999999995
Japan,2016,JPN,Western Pacific,38.61
Jordan,2010,JOR,Eastern Mediterranean,112.07
Jordan,2011,JOR,Eastern Mediterranean,104.84
Jordan,2012,JOR,Eastern Mediterranean,104.56
Jordan,2013,JOR,Eastern Mediterranean,110.06
Jordan,2014,JOR,Eastern Mediterranean,105.74000000000001
Jordan,2015,JOR,Eastern Mediterranean,108.17
Jordan,2016,JOR,Eastern Mediterranean,103.24000000000001
Kazakhstan,2010,KAZ,Europe,49.39
Kazakhstan,2011,KAZ,Europe,59.7
Kazakhstan,2012,KAZ,Europe,61.83
Kazakhstan,2013,KAZ,Europe,58.980000000000004
Kazakhstan,2014,KAZ,Europe,55.92
Kazakhstan,2015,KAZ,Europe,56.33
Kazakhstan,2016,KAZ,Europe,59.58
Kenya,2010,KEN,Africa,74.4
Kenya,2011,KEN,Africa,75.51
Kenya,2012,KEN,Africa,78.75
Kenya,2013,KEN,Africa,76.53999999999999
Kenya,2014,KEN,Africa,79.78999999999999
Kenya,2015,KEN,Africa,74.26
Kenya,2016,KEN,Africa,78.12
Kiribati,2010,KIR,Western Pacific,31.990000000000002
Kiribati,2011,KIR,Western Pacific,32.71
Kiribati,2012,KIR,Western Pacific,32.96
Kiribati,2013,KIR,Western Pacific,33.07
Kiribati,2014,KIR,Western Pacific,32.57
Kiribati,2015,KIR,Western Pacific,32.32
Kiribati,2016,KIR,Western Pacific,33.45
Kuwait,2010,KWT,Eastern Mediterranean,182.92000000000002
Kuwait,2011,KWT,Eastern Mediterranean,187.36
Kuwait,2012,KWT,Eastern Mediterranean,184.88
Kuwait,2013,KWT,Eastern Mediterranean,199.69
Kuwait,2014,KWT,Eastern Mediterranean,161.65
Kuwait,2015,KWT,Eastern Mediterranean,191.52
Kuwait,2016,KWT,Eastern Mediterranean,184.08
Kyrgyzstan,2010,KGZ,Europe,61.06
Kyrgyzstan,2011,KGZ,Europe,74.16
Kyrgyzstan,2012,KGZ,Europe,76.77
Kyrgyzstan,2013,KGZ,Europe,72.36
Kyrgyzstan,2014,KGZ,Europe,69.61
Kyrgyzstan,2015,KGZ,Europe,69.37
Kyrgyzstan,2016,KGZ,Europe,72.69
Lao People's Democratic Republic,2010,LAO,Western Pacific,70.08
Lao People's Democratic Republic,2011,LAO,Western Pacific,55.54
Lao People's Democratic Republic,2012,LAO,Western Pacific,62.28
Lao People's Democratic Republic,2013,LAO,Western Pacific,64.77
Lao People's Democratic Republic,2014,LAO,Western Pacific,59.78
Lao People's Democratic Republic,2015,LAO,Western Pacific,55.68
Lao People's Democratic Republic,2016,LAO,Western Pacific,61.7
Latvia,2010,LVA,Europe,48.98
Latvia,2011,LVA,Europe,44.03
Latvia,2012,LVA,Europe,43.12
Latvia,2013,LVA,Europe,43.5
Latvia,2014,LVA,Europe,45.760000000000005
Latvia,2015,LVA,Europe,39.26
Latvia,2016,LVA,Europe,36.74
Lebanon,2010,LBN,Eastern Mediterranean,97.47999999999999
Lebanon,2011,LBN,Eastern Mediterranean,89.65
Lebanon,2012,LBN,Eastern Mediterranean,90.25
Lebanon,2013,LBN,Eastern Mediterranean,94.45
Lebanon,2014,LBN,Eastern Mediterranean,94.15
Lebanon,2015,LBN,Eastern Mediterranean,95.91
Lebanon,2016,LBN,Eastern Mediterranean,91
Lesotho,2010,LSO,Africa,77.6
Lesotho,2011,LSO,Africa,71.14
Lesotho,2012,LSO,Africa,69.06
Lesotho,2013,LSO,Africa,74.42
Lesotho,2014,LSO,Africa,81.47999999999999
Lesotho,2015,LSO,Africa,87.53999999999999
Lesotho,2016,LSO,Africa,74.61
Liberia,2010,LBR,Africa,117.50999999999999
Liberia,2011,LBR,Africa,142.13
Liberia,2012,LBR,Africa,133.53
Liberia,2013,LBR,Africa,131.38
Liberia,2014,LBR,Africa,118.57
Liberia,2015,LBR,Africa,162.82999999999998
Liberia,2016,LBR,Africa,156.78
Libya,2010,LBY,Eastern Mediterranean,151.96
Libya,2011,LBY,Eastern Mediterranean,122.48
Libya,2012,LBY,Eastern Mediterranean,119.58000000000001
Libya,2013,LBY,Eastern Mediterranean,142.59
Libya,2014,LBY,Eastern Mediterranean,137.93
Libya,2015,LBY,Eastern Mediterranean,129.51
Libya,2016,LBY,Eastern Mediterranean,145.91
Lithuania,2010,LTU,Europe,43.05
Lithuania,2011,LTU,Europe,38.79
Lithuania,2012,LTU,Europe,38.03
Lithuania,2013,LTU,Europe,38.25
Lithuania,2014,LTU,Europe,39.44
Lithuania,2015,LTU,Europe,35.1
Lithuania,2016,LTU,Europe,32.32
Luxembourg,2010,LUX,Europe,37.82
Luxembourg,2011,LUX,Europe,37.42
Luxembourg,2012,LUX,Europe,33.48
Luxembourg,2013,LUX,Europe,33
Luxembourg,2014,LUX,Europe,29.729999999999997
Luxembourg,2015,LUX,Europe,31.41
Luxembourg,2016,LUX,Europe,28.759999999999998
Madagascar,2010,MDG,Africa,46.07
Madagascar,2011,MDG,Africa,48.03
Madagascar,2012,MDG,Africa,45.86
Madagascar,2013,MDG,Africa,51.93
Madagascar,2014,MDG,Africa,49.11
Madagascar,2015,MDG,Africa,55.94
Madagascar,2016,MDG,Africa,52.620000000000005
Malawi,2010,MWI,Africa,77.44
Malawi,2011,MWI,Africa,79.33
Malawi,2012,MWI,Africa,84.77000000000001
Malawi,2013,MWI,Africa,76.58
Malawi,2014,MWI,Africa,77.76
Malawi,2015,MWI,Africa,81.44
Malawi,2016,MWI,Africa,76.08
Malaysia,2010,MYS,Western Pacific,49.269999999999996
Malaysia,2011,MYS,Western Pacific,41.31
Malaysia,2012,MYS,Western Pacific,47.449999999999996
Malaysia,2013,MYS,Western Pacific,43.980000000000004
Malaysia,2014,MYS,Western Pacific,41.57
Malaysia,2015,MYS,Western Pacific,44.480000000000004
Malaysia,2016,MYS,Western Pacific,46.54
Maldives,2010,MDV,South-East Asia,40.95
Maldives,2011,MDV,South-East Asia,34.19
Maldives,2012,MDV,South-East Asia,35.9
Maldives,2013,MDV,South-East Asia,35.620000000000005
Maldives,2014,MDV,South-East Asia,32.56
Maldives,2015,MDV,South-East Asia,31.5
Maldives,2016,MDV,South-East Asia,33.38
Mali,2010,MLI,Africa,182.5
Mali,2011,MLI,Africa,185.07999999999998
Mali,2012,MLI,Africa,178
Mali,2013,MLI,Africa,161.9
Mali,2014,MLI,Africa,170.17000000000002
Mali,2015,MLI,Africa,201.48000000000002
Mali,2016,MLI,Africa,190.75
Malta,2010,MLT,Europe,45.11
Malta,2011,MLT,Europe,46.79
Malta,2012,MLT,Europe,42.43
Malta,2013,MLT,Europe,41.53
Malta,2014,MLT,Europe,38.1
Malta,2015,MLT,Europe,39.87
Malta,2016,MLT,Europe,35.72
Marshall Islands,2010,MHL,Western Pacific,20.4
Marshall Islands,2011,MHL,Western Pacific,20.18
Marshall Islands,2012,MHL,Western Pacific,20.26
Marshall Islands,2013,MHL,Western Pacific,20.24
Marshall Islands,2014,MHL,Western Pacific,20.2
Marshall Islands,2015,MHL,Western Pacific,20.3
Marshall Islands,2016,MHL,Western Pacific,20.4
Mauritania,2010,MRT,Africa,202.93
Mauritania,2011,MRT,Africa,211.38
Mauritania,2012,MRT,Africa,214.76999999999998
Mauritania,2013,MRT,Africa,206.93
Mauritania,2014,MRT,Africa,221.43
Mauritania,2015,MRT,Africa,238.07
Mauritania,2016,MRT,Africa,223.04
Mauritius,2010,MUS,Africa,30.36
Mauritius,2011,MUS,Africa,29.049999999999997
Mauritius,2012,MUS,Africa,30.97
Mauritius,2013,MUS,Africa,32.36
Mauritius,2014,MUS,Africa,31.810000000000002
Mauritius,2015,MUS,Africa,31.730000000000004
Mauritius,2016,MUS,Africa,31.4
Mexico,2010,MEX,Americas,72.72999999999999
Mexico,2011,MEX,Americas,77.28
Mexico,2012,MEX,Americas,71.99
Mexico,2013,MEX,Americas,74.14
Mexico,2014,MEX,Americas,71.02000000000001
Mexico,2015,MEX,Americas,68.82
Mexico,2016,MEX,Americas,67.94
Micronesia (Federated States of),2010,FSM,Western Pacific,31.4
Micronesia (Federated States of),2011,FSM,Western Pacific,31.299999999999997
Micronesia (Federated States of),2012,FSM,Western Pacific,31.32
Micronesia (Federated States of),2013,FSM,Western Pacific,31.67
Micronesia (Federated States of),2014,FSM,Western Pacific,31.240000000000002
Micronesia (Federated States of),2015,FSM,Western Pacific,32.230000000000004
Micronesia (Federated States of),2016,FSM,Western Pacific,31.71
Monaco,2010,MCO,Europe,30.48
Monaco,2011,MCO,Europe,31.8
Monaco,2012,MCO,Europe,28.06
Monaco,2013,MCO,Europe,27.18
Monaco,2014,MCO,Europe,24.24
Monaco,2015,MCO,Europe,25.58
Monaco,2016,MCO,Europe,23.04
Mongolia,2010,MNG,Western Pacific,106.65
Mongolia,2011,MNG,Western Pacific,129.19
Mongolia,2012,MNG,Western Pacific,136.26
Mongolia,2013,MNG,Western Pacific,130.22
Mongolia,2014,MNG,Western Pacific,125.01
Mongolia,2015,MNG,Western Pacific,127.33
Mongolia,2016,MNG,Western Pacific,137.82999999999998
Montenegro,2010,MNE,Europe,69.92
Montenegro,2011,MNE,Europe,78.35
Montenegro,2012,MNE,Europe,72.14
Montenegro,2013,MNE,Europe,67.56
Montenegro,2014,MNE,Europe,66.92999999999999
Montenegro,2015,MNE,Europe,64.83
Montenegro,2016,MNE,Europe,60.650000000000006
Morocco,2010,MAR,Eastern Mediterranean,78.18
Morocco,2011,MAR,Eastern Mediterranean,72.07
Morocco,2012,MAR,Eastern Mediterranean,69.13
Morocco,2013,MAR,Eastern Mediterranean,77.59
Morocco,2014,MAR,Eastern Mediterranean,78.4
Morocco,2015,MAR,Eastern Mediterranean,84.23
Morocco,2016,MAR,Eastern Mediterranean,85.14
Mozambique,2010,MOZ,Africa,65.18
Mozambique,2011,MOZ,Africa,64.3
Mozambique,2012,MOZ,Africa,66.29
Mozambique,2013,MOZ,Africa,65.91
Mozambique,2014,MOZ,Africa,63.24
Mozambique,2015,MOZ,Africa,68.35
Mozambique,2016,MOZ,Africa,63.260000000000005
Myanmar,2010,MMR,South-East Asia,112.09
Myanmar,2011,MMR,South-East Asia,91.94
Myanmar,2012,MMR,South-East Asia,99.03999999999999
Myanmar,2013,MMR,South-East Asia,106.56
Myanmar,2014,MMR,South-East Asia,97.46
Myanmar,2015,MMR,South-East Asia,92.76
Myanmar,2016,MMR,South-East Asia,99.9
Namibia,2010,"NAM",Africa,73.48
Namibia,2011,"NAM",Africa,73.49000000000001
Namibia,2012,"NAM",Africa,67.59
Namibia,2013,"NAM",Africa,71.75
Namibia,2014,"NAM",Africa,67.87
Namibia,2015,"NAM",Africa,78.72999999999999
Namibia,2016,"NAM",Africa,72.09
Nauru,2010,NRU,Western Pacific,22.560000000000002
Nauru,2011,NRU,Western Pacific,22.23
Nauru,2012,NRU,Western Pacific,22.799999999999997
Nauru,2013,NRU,Western Pacific,22.39
Nauru,2014,NRU,Western Pacific,23.3
Nauru,2015,NRU,Western Pacific,24.88
Nauru,2016,NRU,Western Pacific,26.259999999999998
Nepal,2010,NPL,South-East Asia,201.15
Nepal,2011,NPL,South-East Asia,193.66
Nepal,2012,NPL,South-East Asia,211.45999999999998
Nepal,2013,NPL,South-East Asia,225
Nepal,2014,NPL,South-East Asia,245.87
Nepal,2015,NPL,South-East Asia,232.38
Nepal,2016,NPL,South-East Asia,247.26
Netherlands,2010,NLD,Europe,45.19
Netherlands,2011,NLD,Europe,45.339999999999996
Netherlands,2012,NLD,Europe,40.3
Netherlands,2013,NLD,Europe,38.26
Netherlands,2014,NLD,Europe,36.07
Netherlands,2015,NLD,Europe,37.730000000000004
Netherlands,2016,NLD,Europe,34.63
New Zealand,2010,NZL,Western Pacific,20.48
New Zealand,2011,NZL,Western Pacific,19.96
New Zealand,2012,NZL,Western Pacific,20.35
New Zealand,2013,NZL,Western Pacific,20.27
New Zealand,2014,NZL,Western Pacific,19.810000000000002
New Zealand,2015,NZL,Western Pacific,19.4
New Zealand,2016,NZL,Western Pacific,19.69
Nicaragua,2010,NIC,Americas,72
Nicaragua,2011,NIC,Americas,74.91
Nicaragua,2012,NIC,Americas,70.72
Nicaragua,2013,NIC,Americas,71.78
Nicaragua,2014,NIC,Americas,67.58
Nicaragua,2015,NIC,Americas,66.35
Nicaragua,2016,NIC,Americas,66.32
Niger,2010,NER,Africa,240.21
Niger,2011,NER,Africa,253.24
Niger,2012,NER,Africa,233.36
Niger,2013,NER,Africa,208.17000000000002
Niger,2014,NER,Africa,204.09
Niger,2015,NER,Africa,272.75
Niger,2016,NER,Africa,276.43
Nigeria,2010,NGA,Africa,157.37
Nigeria,2011,NGA,Africa,165.11
Nigeria,2012,NGA,Africa,159.91
Nigeria,2013,NGA,Africa,156.23
Nigeria,2014,NGA,Africa,155.21
Nigeria,2015,NGA,Africa,190.26
Nigeria,2016,NGA,Africa,181.62
Niue,2010,NIU,Western Pacific,15.52
Niue,2011,NIU,Western Pacific,15.2
Niue,2012,NIU,Western Pacific,16.02
Niue,2013,NIU,Western Pacific,15.82
Niue,2014,NIU,Western Pacific,16.66
Niue,2015,NIU,Western Pacific,17.24
Niue,2016,NIU,Western Pacific,18.68
Norway,2010,NOR,Europe,25.73
Norway,2011,NOR,Europe,27.51
Norway,2012,NOR,Europe,24.05
Norway,2013,NOR,Europe,23.17
Norway,2014,NOR,Europe,22.58
Norway,2015,NOR,Europe,21.92
Norway,2016,NOR,Europe,20.63
Oman,2010,OMN,Eastern Mediterranean,121.75999999999999
Oman,2011,OMN,Eastern Mediterranean,124.81
Oman,2012,OMN,Eastern Mediterranean,129.89
Oman,2013,OMN,Eastern Mediterranean,128.77
Oman,2014,OMN,Eastern Mediterranean,117.94
Oman,2015,OMN,Eastern Mediterranean,139.07
Oman,2016,OMN,Eastern Mediterranean,130.74
Pakistan,2010,PAK,Eastern Mediterranean,159.78
Pakistan,2011,PAK,Eastern Mediterranean,156.06
Pakistan,2012,PAK,Eastern Mediterranean,164.16
Pakistan,2013,PAK,Eastern Mediterranean,169.28
Pakistan,2014,PAK,Eastern Mediterranean,183.18
Pakistan,2015,PAK,Eastern Mediterranean,171.71
Pakistan,2016,PAK,Eastern Mediterranean,177.55
Palau,2010,PLW,Western Pacific,22.15
Palau,2011,PLW,Western Pacific,21.28
Palau,2012,PLW,Western Pacific,22.83
Palau,2013,PLW,Western Pacific,22.33
Palau,2014,PLW,Western Pacific,23.810000000000002
Palau,2015,PLW,Western Pacific,26.02
Palau,2016,PLW,Western Pacific,26.31
Panama,2010,PAN,Americas,47.209999999999994
Panama,2011,PAN,Americas,49.269999999999996
Panama,2012,PAN,Americas,46.33
Panama,2013,PAN,Americas,47.18
Panama,2014,PAN,Americas,46.28
Panama,2015,PAN,Americas,45.45
Panama,2016,PAN,Americas,44.57
Papua New Guinea,2010,PNG,Western Pacific,32.71
Papua New Guinea,2011,PNG,Western Pacific,33.18
Papua New Guinea,2012,PNG,Western Pacific,35.08
Papua New Guinea,2013,PNG,Western Pacific,33.78
Papua New Guinea,2014,PNG,Western Pacific,33.72
Papua New Guinea,2015,PNG,Western Pacific,33.75
Papua New Guinea,2016,PNG,Western Pacific,34.3
Paraguay,2010,PRY,Americas,44.79
Paraguay,2011,PRY,Americas,44.28
Paraguay,2012,PRY,Americas,42.9
Paraguay,2013,PRY,Americas,39.18
Paraguay,2014,PRY,Americas,39.41
Paraguay,2015,PRY,Americas,37.35
Paraguay,2016,PRY,Americas,35.75
Peru,2010,PER,Americas,88.39
Peru,2011,PER,Americas,84.12
Peru,2012,PER,Americas,88.87
Peru,2013,PER,Americas,87.16
Peru,2014,PER,Americas,90.54
Peru,2015,PER,Americas,88.59
Peru,2016,PER,Americas,90.1
Philippines,2010,PHL,Western Pacific,74.14
Philippines,2011,PHL,Western Pacific,59.97
Philippines,2012,PHL,Western Pacific,65.58
Philippines,2013,PHL,Western Pacific,65.13
Philippines,2014,PHL,Western Pacific,60.55
Philippines,2015,PHL,Western Pacific,59.540000000000006
Philippines,2016,PHL,Western Pacific,63.53
Poland,2010,POL,Europe,78.15
Poland,2011,POL,Europe,77.53
Poland,2012,POL,Europe,71.25999999999999
Poland,2013,POL,Europe,67.49
Poland,2014,POL,Europe,66.84
Poland,2015,POL,Europe,65.55
Poland,2016,POL,Europe,61.45
Portugal,2010,PRT,Europe,30.46
Portugal,2011,PRT,Europe,31.04
Portugal,2012,PRT,Europe,27.8
Portugal,2013,PRT,Europe,27.98
Portugal,2014,PRT,Europe,25.23
Portugal,2015,PRT,Europe,25.83
Portugal,2016,PRT,Europe,23.39
Qatar,2010,QAT,Eastern Mediterranean,223.31
Qatar,2011,QAT,Eastern Mediterranean,223.33999999999997
Qatar,2012,QAT,Eastern Mediterranean,237.87
Qatar,2013,QAT,Eastern Mediterranean,257
Qatar,2014,QAT,Eastern Mediterranean,212.76
Qatar,2015,QAT,Eastern Mediterranean,256.19
Qatar,2016,QAT,Eastern Mediterranean,235.74
Republic of Korea,2010,KOR,Western Pacific,67.21000000000001
Republic of Korea,2011,KOR,Western Pacific,72.87
Republic of Korea,2012,KOR,Western Pacific,74.28
Republic of Korea,2013,KOR,Western Pacific,79.43
Republic of Korea,2014,KOR,Western Pacific,79.27
Republic of Korea,2015,KOR,Western Pacific,78.07000000000001
Republic of Korea,2016,KOR,Western Pacific,78.6
Republic of Moldova,2010,MDA,Europe,50.519999999999996
Republic of Moldova,2011,MDA,Europe,49.42
Republic of Moldova,2012,MDA,Europe,47.39
Republic of Moldova,2013,MDA,Europe,47.019999999999996
Republic of Moldova,2014,MDA,Europe,47.58
Republic of Moldova,2015,MDA,Europe,44.44
Republic of Moldova,2016,MDA,Europe,40.4
Romania,2010,ROU,Europe,49.459999999999994
Romania,2011,ROU,Europe,54.370000000000005
Romania,2012,ROU,Europe,48.56
Romania,2013,ROU,Europe,46.17
Romania,2014,ROU,Europe,46.65
Romania,2015,ROU,Europe,45.17
Romania,2016,ROU,Europe,43.83
Russian Federation,2010,RUS,Europe,36.96
Russian Federation,2011,RUS,Europe,33.62
Russian Federation,2012,RUS,Europe,33.33
Russian Federation,2013,RUS,Europe,34.45
Russian Federation,2014,RUS,Europe,33.7
Russian Federation,2015,RUS,Europe,31.159999999999997
Russian Federation,2016,RUS,Europe,29.09
Rwanda,2010,RWA,Africa,113.39
Rwanda,2011,RWA,Africa,108.97999999999999
Rwanda,2012,RWA,Africa,116.56
Rwanda,2013,RWA,Africa,115.58
Rwanda,2014,RWA,Africa,114.31
Rwanda,2015,RWA,Africa,115.1
Rwanda,2016,RWA,Africa,118.95
Saint Kitts and Nevis,2010,KNA,Americas,25.32
Saint Kitts and Nevis,2011,KNA,Americas,24.689999999999998
Saint Kitts and Nevis,2012,KNA,Americas,25.939999999999998
Saint Kitts and Nevis,2013,KNA,Americas,25.509999999999998
Saint Kitts and Nevis,2014,KNA,Americas,26.72
Saint Kitts and Nevis,2015,KNA,Americas,27.990000000000002
Saint Kitts and Nevis,2016,KNA,Americas,29.240000000000002
Saint Lucia,2010,LCA,Americas,63.410000000000004
Saint Lucia,2011,LCA,Americas,64.57
Saint Lucia,2012,LCA,Americas,64.38
Saint Lucia,2013,LCA,Americas,63.8
Saint Lucia,2014,LCA,Americas,64.65
Saint Lucia,2015,LCA,Americas,67.18
Saint Lucia,2016,LCA,Americas,64.93
Saint Vincent and the Grenadines,2010,VCT,Americas,64.16
Saint Vincent and the Grenadines,2011,VCT,Americas,64.67
Saint Vincent and the Grenadines,2012,VCT,Americas,64.69
Saint Vincent and the Grenadines,2013,VCT,Americas,64.83
Saint Vincent and the Grenadines,2014,VCT,Americas,65.91
Saint Vincent and the Grenadines,2015,VCT,Americas,67.23
Saint Vincent and the Grenadines,2016,VCT,Americas,66.18
Samoa,2010,WSM,Western Pacific,32.12
Samoa,2011,WSM,Western Pacific,31.85
Samoa,2012,WSM,Western Pacific,31.57
Samoa,2013,WSM,Western Pacific,32.58
Samoa,2014,WSM,Western Pacific,32.92
Samoa,2015,WSM,Western Pacific,32.71
Samoa,2016,WSM,Western Pacific,32.4
San Marino,2010,SMR,Europe,17.18
San Marino,2011,SMR,Europe,17.28
San Marino,2012,SMR,Europe,17.78
San Marino,2013,SMR,Europe,17.32
San Marino,2014,SMR,Europe,18.28
San Marino,2015,SMR,Europe,19.74
San Marino,2016,SMR,Europe,20.12
Sao Tome and Principe,2010,STP,Africa,110.14
Sao Tome and Principe,2011,STP,Africa,107.92
Sao Tome and Principe,2012,STP,Africa,91.74000000000001
Sao Tome and Principe,2013,STP,Africa,109.87
Sao Tome and Principe,2014,STP,Africa,108.41
Sao Tome and Principe,2015,STP,Africa,112.21000000000001
Sao Tome and Principe,2016,STP,Africa,116.55000000000001
Saudi Arabia,2010,SAU,Eastern Mediterranean,179.32
Saudi Arabia,2011,SAU,Eastern Mediterranean,183.23
Saudi Arabia,2012,SAU,Eastern Mediterranean,192.15
Saudi Arabia,2013,SAU,Eastern Mediterranean,196.57999999999998
Saudi Arabia,2014,SAU,Eastern Mediterranean,167.51
Saudi Arabia,2015,SAU,Eastern Mediterranean,204.87
Saudi Arabia,2016,SAU,Eastern Mediterranean,182.69
Senegal,2010,SEN,Africa,164.51999999999998
Senegal,2011,SEN,Africa,167.23
Senegal,2012,SEN,Africa,170.72
Senegal,2013,SEN,Africa,167.93
Senegal,2014,SEN,Africa,180.46
Senegal,2015,SEN,Africa,198.63
Senegal,2016,SEN,Africa,179.32
Serbia,2010,SRB,Europe,84.24000000000001
Serbia,2011,SRB,Europe,95.13
Serbia,2012,SRB,Europe,85.34
Serbia,2013,SRB,Europe,80.00999999999999
Serbia,2014,SRB,Europe,81.84
Serbia,2015,SRB,Europe,78
Serbia,2016,SRB,Europe,73.9
Seychelles,2010,SYC,Africa,38.120000000000005
Seychelles,2011,SYC,Africa,41.99
Seychelles,2012,SYC,Africa,41.010000000000005
Seychelles,2013,SYC,Africa,37.28
Seychelles,2014,SYC,Africa,36.43
Seychelles,2015,SYC,Africa,38.32
Seychelles,2016,SYC,Africa,41.04
Sierra Leone,2010,SLE,Africa,133.11
Sierra Leone,2011,SLE,Africa,150.38
Sierra Leone,2012,SLE,Africa,142.85
Sierra Leone,2013,SLE,Africa,138.77
Sierra Leone,2014,SLE,Africa,131.92
Sierra Leone,2015,SLE,Africa,170.13
Sierra Leone,2016,SLE,Africa,163.56
Singapore,2010,SGP,Western Pacific,37.129999999999995
Singapore,2011,SGP,Western Pacific,38.72
Singapore,2012,SGP,Western Pacific,44.97
Singapore,2013,SGP,Western Pacific,41.45
Singapore,2014,SGP,Western Pacific,40.83
Singapore,2015,SGP,Western Pacific,49.33
Singapore,2016,SGP,Western Pacific,49.83
Slovakia,2010,SVK,Europe,63.019999999999996
Slovakia,2011,SVK,Europe,65.36
Slovakia,2012,SVK,Europe,58.68
Slovakia,2013,SVK,Europe,57.92
Slovakia,2014,SVK,Europe,56.5
Slovakia,2015,SVK,Europe,55.53
Slovakia,2016,SVK,Europe,52.870000000000005
Slovenia,2010,SVN,Europe,55.57
Slovenia,2011,SVN,Europe,60.19
Slovenia,2012,SVN,Europe,53.66
Slovenia,2013,SVN,Europe,53.64
Slovenia,2014,SVN,Europe,52.75
Slovenia,2015,SVN,Europe,51.519999999999996
Slovenia,2016,SVN,Europe,48.379999999999995
Solomon Islands,2010,SLB,Western Pacific,32.41
Solomon Islands,2011,SLB,Western Pacific,32.339999999999996
Solomon Islands,2012,SLB,Western Pacific,33.14
Solomon Islands,2013,SLB,Western Pacific,32.66
Solomon Islands,2014,SLB,Western Pacific,32.32
Solomon Islands,2015,SLB,Western Pacific,33.36
Solomon Islands,2016,SLB,Western Pacific,33.91
Somalia,2010,SOM,Eastern Mediterranean,69.72
Somalia,2011,SOM,Eastern Mediterranean,70.02
Somalia,2012,SOM,Eastern Mediterranean,69.27
Somalia,2013,SOM,Eastern Mediterranean,62.54
Somalia,2014,SOM,Eastern Mediterranean,66.03
Somalia,2015,SOM,Eastern Mediterranean,79.57
Somalia,2016,SOM,Eastern Mediterranean,83
South Africa,2010,ZAF,Africa,74.71
South Africa,2011,ZAF,Africa,71.8
South Africa,2012,ZAF,Africa,69.75
South Africa,2013,ZAF,Africa,72.96
South Africa,2014,ZAF,Africa,72.83
South Africa,2015,ZAF,Africa,82.46
South Africa,2016,ZAF,Africa,76.81
South Sudan,2010,SSD,Africa,96.69999999999999
South Sudan,2011,SSD,Africa,100.63999999999999
South Sudan,2012,SSD,Africa,100.36
South Sudan,2013,SSD,Africa,99.09
South Sudan,2014,SSD,Africa,91.5
South Sudan,2015,SSD,Africa,109.84
South Sudan,2016,SSD,Africa,104.09
Spain,2010,ESP,Europe,33.379999999999995
Spain,2011,ESP,Europe,35.19
Spain,2012,ESP,Europe,31.97
Spain,2013,ESP,Europe,31.06
Spain,2014,ESP,Europe,27.98
Spain,2015,ESP,Europe,29.23
Spain,2016,ESP,Europe,26.68
Sri Lanka,2010,LKA,South-East Asia,74.32
Sri Lanka,2011,LKA,South-East Asia,61.8
Sri Lanka,2012,LKA,South-East Asia,64.9
Sri Lanka,2013,LKA,South-East Asia,65.5
Sri Lanka,2014,LKA,South-East Asia,60.19
Sri Lanka,2015,LKA,South-East Asia,57.91
Sri Lanka,2016,LKA,South-East Asia,49.64
Sudan,2010,SDN,Eastern Mediterranean,115.42
Sudan,2011,SDN,Eastern Mediterranean,120.53
Sudan,2012,SDN,Eastern Mediterranean,120.93
Sudan,2013,SDN,Eastern Mediterranean,122.49000000000001
Sudan,2014,SDN,Eastern Mediterranean,106.77000000000001
Sudan,2015,SDN,Eastern Mediterranean,134.45
Sudan,2016,SDN,Eastern Mediterranean,130.87
Suriname,2010,SUR,Americas,72.56
Suriname,2011,SUR,Americas,72.72
Suriname,2012,SUR,Americas,76.08
Suriname,2013,SUR,Americas,75.91
Suriname,2014,SUR,Americas,76.13
Suriname,2015,SUR,Americas,78.64
Suriname,2016,SUR,Americas,77.28999999999999
Sweden,2010,SWE,Europe,20.7
Sweden,2011,SWE,Europe,21.439999999999998
Sweden,2012,SWE,Europe,18.63
Sweden,2013,SWE,Europe,18.03
Sweden,2014,SWE,Europe,19.05
Sweden,2015,SWE,Europe,17.68
Sweden,2016,SWE,Europe,16.91
Switzerland,2010,CHE,Europe,38.01
Switzerland,2011,CHE,Europe,38.66
Switzerland,2012,CHE,Europe,35.260000000000005
Switzerland,2013,CHE,Europe,33.79
Switzerland,2014,CHE,Europe,31.189999999999998
Switzerland,2015,CHE,Europe,31.84
Switzerland,2016,CHE,Europe,28.73
Syrian Arab Republic,2010,SYR,Eastern Mediterranean,125.37
Syrian Arab Republic,2011,SYR,Eastern Mediterranean,114.71000000000001
Syrian Arab Republic,2012,SYR,Eastern Mediterranean,115.41
Syrian Arab Republic,2013,SYR,Eastern Mediterranean,119.96000000000001
Syrian Arab Republic,2014,SYR,Eastern Mediterranean,117.75
Syrian Arab Republic,2015,SYR,Eastern Mediterranean,123.22999999999999
Syrian Arab Republic,2016,SYR,Eastern Mediterranean,119.77
Tajikistan,2010,TJK,Europe,94.94999999999999
Tajikistan,2011,TJK,Europe,117.69
Tajikistan,2012,TJK,Europe,121.1
Tajikistan,2013,TJK,Europe,113.67
Tajikistan,2014,TJK,Europe,108.69999999999999
Tajikistan,2015,TJK,Europe,110.05
Tajikistan,2016,TJK,Europe,112.93
Thailand,2010,THA,South-East Asia,97.45
Thailand,2011,THA,South-East Asia,80.74
Thailand,2012,THA,South-East Asia,90.38
Thailand,2013,THA,South-East Asia,93.46000000000001
Thailand,2014,THA,South-East Asia,85.72
Thailand,2015,THA,South-East Asia,80.86
Thailand,2016,THA,South-East Asia,90.00999999999999
The former Yugoslav Republic of Macedonia,2010,MKD,Europe,100.35000000000001
The former Yugoslav Republic of Macedonia,2011,MKD,Europe,116.41
The former Yugoslav Republic of Macedonia,2012,MKD,Europe,105.88
The former Yugoslav Republic of Macedonia,2013,MKD,Europe,98.19999999999999
The former Yugoslav Republic of Macedonia,2014,MKD,Europe,102.2
The former Yugoslav Republic of Macedonia,2015,MKD,Europe,94.89
The former Yugoslav Republic of Macedonia,2016,MKD,Europe,89.17
Timor-Leste,2010,TLS,South-East Asia,55.89
Timor-Leste,2011,TLS,South-East Asia,48.99
Timor-Leste,2012,TLS,South-East Asia,51.09
Timor-Leste,2013,TLS,South-East Asia,49.870000000000005
Timor-Leste,2014,TLS,South-East Asia,45.46
Timor-Leste,2015,TLS,South-East Asia,45.72
Timor-Leste,2016,TLS,South-East Asia,49.910000000000004
Togo,2010,TGO,Africa,116.12
Togo,2011,TGO,Africa,124.82
Togo,2012,TGO,Africa,118.27000000000001
Togo,2013,TGO,Africa,122.53
Togo,2014,TGO,Africa,112.22
Togo,2015,TGO,Africa,138.51
Togo,2016,TGO,Africa,136.65
Tonga,2010,TON,Western Pacific,31.41
Tonga,2011,TON,Western Pacific,31.69
Tonga,2012,TON,Western Pacific,32.18
Tonga,2013,TON,Western Pacific,32.08
Tonga,2014,TON,Western Pacific,32.07
Tonga,2015,TON,Western Pacific,31.73
Tonga,2016,TON,Western Pacific,32.79
Trinidad and Tobago,2010,TTO,Americas,66.81
Trinidad and Tobago,2011,TTO,Americas,67.26
Trinidad and Tobago,2012,TTO,Americas,67.66
Trinidad and Tobago,2013,TTO,Americas,69.22
Trinidad and Tobago,2014,TTO,Americas,69.53
Trinidad and Tobago,2015,TTO,Americas,71.75
Trinidad and Tobago,2016,TTO,Americas,70.32
Tunisia,2010,TUN,Eastern Mediterranean,96.02
Tunisia,2011,TUN,Eastern Mediterranean,87.28999999999999
Tunisia,2012,TUN,Eastern Mediterranean,82.41
Tunisia,2013,TUN,Eastern Mediterranean,94.18
Tunisia,2014,TUN,Eastern Mediterranean,94.09
Tunisia,2015,TUN,Eastern Mediterranean,92.34
Tunisia,2016,TUN,Eastern Mediterranean,101.09
Türkiye,2010,TUR,Europe,116.92
Türkiye,2011,TUR,Europe,103.47
Türkiye,2012,TUR,Europe,109.12
Türkiye,2013,TUR,Europe,108.59
Türkiye,2014,TUR,Europe,113.61
Türkiye,2015,TUR,Europe,116.11
Türkiye,2016,TUR,Europe,111.82
Turkmenistan,2010,TKM,Europe,59.07
Turkmenistan,2011,TKM,Europe,71.11
Turkmenistan,2012,TKM,Europe,73.75
Turkmenistan,2013,TKM,Europe,69.45
Turkmenistan,2014,TKM,Europe,65.91
Turkmenistan,2015,TKM,Europe,65.86
Turkmenistan,2016,TKM,Europe,68.17
Tuvalu,2010,TUV,Western Pacific,14.56
Tuvalu,2011,TUV,Western Pacific,14.4
Tuvalu,2012,TUV,Western Pacific,14.84
Tuvalu,2013,TUV,Western Pacific,14.4
Tuvalu,2014,TUV,Western Pacific,15.2
Tuvalu,2015,TUV,Western Pacific,16.32
Tuvalu,2016,TUV,Western Pacific,17
Uganda,2010,UGA,Africa,113.32
Uganda,2011,UGA,Africa,115.67999999999999
Uganda,2012,UGA,Africa,121.61
Uganda,2013,UGA,Africa,117.23
Uganda,2014,UGA,Africa,118.32
Uganda,2015,UGA,Africa,126.11
Uganda,2016,UGA,Africa,130.45
Ukraine,2010,UKR,Europe,50.96
Ukraine,2011,UKR,Europe,49.72
Ukraine,2012,UKR,Europe,47.37
Ukraine,2013,UKR,Europe,47.940000000000005
Ukraine,2014,UKR,Europe,47.53
Ukraine,2015,UKR,Europe,45.33
Ukraine,2016,UKR,Europe,41.620000000000005
United Arab Emirates,2010,ARE,Eastern Mediterranean,128.32
United Arab Emirates,2011,ARE,Eastern Mediterranean,128.03
United Arab Emirates,2012,ARE,Eastern Mediterranean,131.39
United Arab Emirates,2013,ARE,Eastern Mediterranean,134.34
United Arab Emirates,2014,ARE,Eastern Mediterranean,119.9
United Arab Emirates,2015,ARE,Eastern Mediterranean,144.39
United Arab Emirates,2016,ARE,Eastern Mediterranean,132.95
United Kingdom of Great Britain and Northern Ireland,2010,GBR,Europe,35.25
United Kingdom of Great Britain and Northern Ireland,2011,GBR,Europe,36.97
United Kingdom of Great Britain and Northern Ireland,2012,GBR,Europe,33.19
United Kingdom of Great Britain and Northern Ireland,2013,GBR,Europe,32.63
United Kingdom of Great Britain and Northern Ireland,2014,GBR,Europe,29.310000000000002
United Kingdom of Great Britain and Northern Ireland,2015,GBR,Europe,30.17
United Kingdom of Great Britain and Northern Ireland,2016,GBR,Europe,28.869999999999997
United Republic of Tanzania,2010,TZA,Africa,74.03999999999999
United Republic of Tanzania,2011,TZA,Africa,74.28999999999999
United Republic of Tanzania,2012,TZA,Africa,79.38
United Republic of Tanzania,2013,TZA,Africa,79.16
United Republic of Tanzania,2014,TZA,Africa,77.68
United Republic of Tanzania,2015,TZA,Africa,76.18
United Republic of Tanzania,2016,TZA,Africa,78.81
United States of America,2010,USA,Americas,26.74
United States of America,2011,USA,Americas,27
United States of America,2012,USA,Americas,25.939999999999998
United States of America,2013,USA,Americas,24.91
United States of America,2014,USA,Americas,24.72
United States of America,2015,USA,Americas,23.740000000000002
United States of America,2016,USA,Americas,21.46
Uruguay,2010,URY,Americas,26.990000000000002
Uruguay,2011,URY,Americas,27.61
Uruguay,2012,URY,Americas,27.28
Uruguay,2013,URY,Americas,29.34
Uruguay,2014,URY,Americas,28.630000000000003
Uruguay,2015,URY,Americas,29.41
Uruguay,2016,URY,Americas,29.54
Uzbekistan,2010,UZB,Europe,72.44
Uzbekistan,2011,UZB,Europe,88.4
Uzbekistan,2012,UZB,Europe,92.00999999999999
Uzbekistan,2013,UZB,Europe,86.58
Uzbekistan,2014,UZB,Europe,81.83
Uzbekistan,2015,UZB,Europe,82.12
Uzbekistan,2016,UZB,Europe,86.13
Vanuatu,2010,VUT,Western Pacific,32.22
Vanuatu,2011,VUT,Western Pacific,32.25
Vanuatu,2012,VUT,Western Pacific,32.57
Vanuatu,2013,VUT,Western Pacific,32.5
Vanuatu,2014,VUT,Western Pacific,32.35
Vanuatu,2015,VUT,Western Pacific,32.019999999999996
Vanuatu,2016,VUT,Western Pacific,31.9
Venezuela (Bolivarian Republic of),2010,VEN,Americas,65.45
Venezuela (Bolivarian Republic of),2011,VEN,Americas,68.17
Venezuela (Bolivarian Republic of),2012,VEN,Americas,64.87
Venezuela (Bolivarian Republic of),2013,VEN,Americas,64.92999999999999
Venezuela (Bolivarian Republic of),2014,VEN,Americas,63.6
Venezuela (Bolivarian Republic of),2015,VEN,Americas,61.92
Venezuela (Bolivarian Republic of),2016,VEN,Americas,60.81
Viet Nam,2010,VNM,Western Pacific,75.8
Viet Nam,2011,VNM,Western Pacific,62.19
Viet Nam,2012,VNM,Western Pacific,66.52000000000001
Viet Nam,2013,VNM,Western Pacific,68.28
Viet Nam,2014,VNM,Western Pacific,62.769999999999996
Viet Nam,2015,VNM,Western Pacific,60.71
Viet Nam,2016,VNM,Western Pacific,64.81
Yemen,2010,YEM,Eastern Mediterranean,109.53999999999999
Yemen,2011,YEM,Eastern Mediterranean,125.24000000000001
Yemen,2012,YEM,Eastern Mediterranean,133.24
Yemen,2013,YEM,Eastern Mediterranean,131.35
Yemen,2014,YEM,Eastern Mediterranean,115.62
Yemen,2015,YEM,Eastern Mediterranean,137.75
Yemen,2016,YEM,Eastern Mediterranean,123.84
Zambia,2010,ZMB,Africa,89.08
Zambia,2011,ZMB,Africa,89.8
Zambia,2012,ZMB,Africa,91.42
Zambia,2013,ZMB,Africa,91.68
Zambia,2014,ZMB,Africa,87.19
Zambia,2015,ZMB,Africa,94.93
Zambia,2016,ZMB,Africa,91.66
Zimbabwe,2010,ZWE,Africa,73.38
Zimbabwe,2011,ZWE,Africa,73.2
Zimbabwe,2012,ZWE,Africa,75.36
Zimbabwe,2013,ZWE,Africa,73.4
Zimbabwe,2014,ZWE,Africa,73.24000000000001
Zimbabwe,2015,ZWE,Africa,78.66
Zimbabwe,2016,ZWE,Africa,75.19
